{"cameraMode":{"drawMode":0,"name":"Shaded","section":"Shading Mode"},"sceneLighting":false,"audioPlay":false,"sceneViewState":{"showFog":true,"showMaterialUpdate":false,"showSkybox":false,"showFlares":true,"showImageEffects":true,"showParticleSystems":true},"in2DMode":false,"pivot":{"x":-0.8531007766723633,"y":1.6804684400558472,"z":-0.827833890914917},"rotation":{"x":0.17286646366119386,"y":-0.0540446937084198,"z":0.009496697224676609,"w":0.9834358096122742},"size":3.1981472969055177,"orthographic":true}