{"cameraMode":{"drawMode":0,"name":"Shaded","section":"Shading Mode"},"sceneLighting":false,"audioPlay":false,"sceneViewState":{"showFog":true,"showMaterialUpdate":false,"showSkybox":false,"showFlares":true,"showImageEffects":true,"showParticleSystems":true},"in2DMode":false,"pivot":{"x":0.000007376222129096277,"y":-0.000002291009877808392,"z":0.000012350808901828714},"rotation":{"x":0.13864846527576447,"y":-0.5168920755386353,"z":0.0852731242775917,"w":0.8404331207275391},"size":1.1153289079666138,"orthographic":true}