{"cameraMode":{"drawMode":0,"name":"Shaded","section":"Shading Mode"},"sceneLighting":false,"audioPlay":false,"sceneViewState":{"showFog":true,"showMaterialUpdate":false,"showSkybox":false,"showFlares":true,"showImageEffects":true,"showParticleSystems":true},"in2DMode":false,"pivot":{"x":0.8551545143127441,"y":1.8740429878234864,"z":0.706291675567627},"rotation":{"x":-0.10226453840732575,"y":-0.5770115852355957,"z":0.07304053008556366,"w":-0.8070461750030518},"size":2.9447994232177736,"orthographic":false}