{"cameraMode":{"drawMode":0,"name":"Shaded","section":"Shading Mode"},"sceneLighting":false,"audioPlay":false,"sceneViewState":{"showFog":true,"showMaterialUpdate":false,"showSkybox":false,"showFlares":true,"showImageEffects":true,"showParticleSystems":true},"in2DMode":false,"pivot":{"x":-1.969436526298523,"y":0.5377006530761719,"z":0.3844718933105469},"rotation":{"x":0.05792323127388954,"y":-0.9403750896453857,"z":0.2063542902469635,"w":0.2642172574996948},"size":1.4539928436279297,"orthographic":false}