{"cameraMode":{"drawMode":0,"name":"Shaded","section":"Shading Mode"},"sceneLighting":false,"audioPlay":false,"sceneViewState":{"showFog":true,"showMaterialUpdate":false,"showSkybox":false,"showFlares":true,"showImageEffects":true,"showParticleSystems":true},"in2DMode":false,"pivot":{"x":1.0892372131347657,"y":1.7205909490585328,"z":-0.5487484335899353},"rotation":{"x":-0.10336077958345413,"y":-0.6627700328826904,"z":0.09301550686359406,"w":-0.7358393669128418},"size":4.744799613952637,"orthographic":false}