{"cameraMode":{"drawMode":0,"name":"Shaded","section":"Shading Mode"},"sceneLighting":false,"audioPlay":false,"sceneViewState":{"showFog":true,"showMaterialUpdate":false,"showSkybox":false,"showFlares":true,"showImageEffects":true,"showParticleSystems":true},"in2DMode":false,"pivot":{"x":0.15662765502929688,"y":1.6115264892578126,"z":-0.09765625},"rotation":{"x":0.0631571114063263,"y":0.879930853843689,"z":-0.12220717966556549,"w":0.4547514021396637},"size":2.2596421241760256,"orthographic":true}