{"cameraMode":{"drawMode":0,"name":"Shaded","section":"Shading Mode"},"sceneLighting":false,"audioPlay":false,"sceneViewState":{"showFog":true,"showMaterialUpdate":false,"showSkybox":false,"showFlares":true,"showImageEffects":true,"showParticleSystems":true},"in2DMode":false,"pivot":{"x":1.097015380859375,"y":-1.492722511291504,"z":20.884841918945314},"rotation":{"x":0.29140225052833559,"y":-0.6520885229110718,"z":0.3006439208984375,"w":0.6320531964302063},"size":7.999167442321777,"orthographic":false}