{"cameraMode":{"drawMode":0,"name":"Shaded","section":"Shading Mode"},"sceneLighting":false,"audioPlay":false,"sceneViewState":{"showFog":true,"showMaterialUpdate":false,"showSkybox":false,"showFlares":true,"showImageEffects":true,"showParticleSystems":true},"in2DMode":false,"pivot":{"x":-0.011144515126943589,"y":2.549999713897705,"z":6.669999122619629},"rotation":{"x":0.13106197118759156,"y":0.7538461089134216,"z":-0.1583138108253479,"w":0.6240805983543396},"size":10.0,"orthographic":true}