{"cameraMode":{"drawMode":0,"name":"Shaded","section":"Shading Mode"},"sceneLighting":false,"audioPlay":false,"sceneViewState":{"showFog":true,"showMaterialUpdate":false,"showSkybox":false,"showFlares":true,"showImageEffects":true,"showParticleSystems":true},"in2DMode":false,"pivot":{"x":0.5297122001647949,"y":2.1119461059570314,"z":0.6418371200561523},"rotation":{"x":0.20351935923099519,"y":-0.3574063181877136,"z":0.08011079579591751,"w":0.9079822301864624},"size":8.45446491241455,"orthographic":false}