{"cameraMode":{"drawMode":0,"name":"Shaded","section":"Shading Mode"},"sceneLighting":false,"audioPlay":false,"sceneViewState":{"showFog":true,"showMaterialUpdate":false,"showSkybox":false,"showFlares":true,"showImageEffects":true,"showParticleSystems":true},"in2DMode":false,"pivot":{"x":0.07275390625,"y":0.8233642578125,"z":0.195068359375},"rotation":{"x":0.04828460514545441,"y":0.8641915321350098,"z":-0.0845266804099083,"w":0.49365633726119997},"size":1.809993028640747,"orthographic":true}