{"cameraMode":{"drawMode":0,"name":"Shaded","section":"Shading Mode"},"sceneLighting":false,"audioPlay":false,"sceneViewState":{"showFog":true,"showMaterialUpdate":false,"showSkybox":false,"showFlares":true,"showImageEffects":true,"showParticleSystems":true},"in2DMode":false,"pivot":{"x":-0.18997955322265626,"y":0.8767545223236084,"z":-1.2859432697296143},"rotation":{"x":-0.051394473761320117,"y":0.8169320821762085,"z":-0.07373716682195664,"w":-0.5697439908981323},"size":2.8095204830169679,"orthographic":false}