{"cameraMode":{"drawMode":0,"name":"Shaded","section":"Shading Mode"},"sceneLighting":false,"audioPlay":false,"sceneViewState":{"showFog":true,"showMaterialUpdate":false,"showSkybox":false,"showFlares":true,"showImageEffects":true,"showParticleSystems":true},"in2DMode":false,"pivot":{"x":1.2686282396316529,"y":-0.00020620226860046387,"z":0.36785268783569338},"rotation":{"x":0.023254042491316797,"y":0.9717002511024475,"z":-0.10830390453338623,"w":0.20863482356071473},"size":2.0660252571105959,"orthographic":false}