{"cameraMode":{"drawMode":0,"name":"Shaded","section":"Shading Mode"},"sceneLighting":false,"audioPlay":false,"sceneViewState":{"showFog":true,"showMaterialUpdate":false,"showSkybox":false,"showFlares":true,"showImageEffects":true,"showParticleSystems":true},"in2DMode":false,"pivot":{"x":9.213327407836914,"y":-25.221477508544923,"z":-19.371017456054689},"rotation":{"x":0.05027325078845024,"y":-0.8382463455200195,"z":0.5372895002365112,"w":0.07843203842639923},"size":39.74899673461914,"orthographic":false}