{"cameraMode":{"drawMode":0,"name":"Shaded","section":"Shading Mode"},"sceneLighting":false,"audioPlay":false,"sceneViewState":{"showFog":true,"showMaterialUpdate":false,"showSkybox":false,"showFlares":true,"showImageEffects":true,"showParticleSystems":true},"in2DMode":false,"pivot":{"x":0.17186403274536134,"y":1.557558536529541,"z":0.3666348457336426},"rotation":{"x":-0.3672192692756653,"y":-0.3009627163410187,"z":0.12684032320976258,"w":-0.8709428906440735},"size":4.14479923248291,"orthographic":false}