{"cameraMode":{"drawMode":0,"name":"Shaded","section":"Shading Mode"},"sceneLighting":false,"audioPlay":false,"sceneViewState":{"showFog":true,"showMaterialUpdate":false,"showSkybox":false,"showFlares":true,"showImageEffects":true,"showParticleSystems":true},"in2DMode":false,"pivot":{"x":0.0,"y":1.5577740669250489,"z":-0.06790041923522949},"rotation":{"x":-0.006938427686691284,"y":-0.3796214163303375,"z":-0.002847224473953247,"w":0.9251121282577515},"size":2.8176653385162355,"orthographic":true}