{"cameraMode":{"drawMode":0,"name":"Shaded","section":"Shading Mode"},"sceneLighting":false,"audioPlay":false,"sceneViewState":{"showFog":true,"showMaterialUpdate":false,"showSkybox":false,"showFlares":true,"showImageEffects":true,"showParticleSystems":true},"in2DMode":false,"pivot":{"x":-2.980232238769531e-7,"y":0.7781201601028442,"z":-0.6831474900245667},"rotation":{"x":0.30137237906455996,"y":-0.4845653772354126,"z":0.18243257701396943,"w":0.8007344603538513},"size":2.5325732231140138,"orthographic":false}