{"cameraMode":{"drawMode":0,"name":"Shaded","section":"Shading Mode"},"sceneLighting":false,"audioPlay":false,"sceneViewState":{"showFog":true,"showMaterialUpdate":false,"showSkybox":false,"showFlares":true,"showImageEffects":true,"showParticleSystems":true},"in2DMode":false,"pivot":{"x":-0.0000011920928955078126,"y":5.7622246742248539,"z":9.5367431640625e-7},"rotation":{"x":-0.34944626688957217,"y":-0.24433691799640656,"z":0.09485558420419693,"w":-0.8995816111564636},"size":7.821806907653809,"orthographic":false}