{"cameraMode":{"drawMode":0,"name":"Shaded","section":"Shading Mode"},"sceneLighting":false,"audioPlay":false,"sceneViewState":{"showFog":true,"showMaterialUpdate":false,"showSkybox":false,"showFlares":true,"showImageEffects":true,"showParticleSystems":true},"in2DMode":false,"pivot":{"x":1037.640625,"y":548.85791015625,"z":-0.892120361328125},"rotation":{"x":0.00898711197078228,"y":0.0617678202688694,"z":0.0004977979697287083,"w":-0.9980792999267578},"size":158.11387634277345,"orthographic":false}