{"cameraMode":{"drawMode":0,"name":"Shaded","section":"Shading Mode"},"sceneLighting":false,"audioPlay":false,"sceneViewState":{"showFog":true,"showMaterialUpdate":false,"showSkybox":false,"showFlares":true,"showImageEffects":true,"showParticleSystems":true},"in2DMode":false,"pivot":{"x":1.2197869381225246e-8,"y":1.1028952598571778,"z":0.5506125688552856},"rotation":{"x":0.17540310323238374,"y":-0.7233418822288513,"z":0.19902357459068299,"w":0.6374959349632263},"size":10.0,"orthographic":false}