{"cameraMode":{"drawMode":0,"name":"Shaded","section":"Shading Mode"},"sceneLighting":false,"audioPlay":false,"sceneViewState":{"showFog":true,"showMaterialUpdate":false,"showSkybox":false,"showFlares":true,"showImageEffects":true,"showParticleSystems":true},"in2DMode":false,"pivot":{"x":-9.113317489624024,"y":3.723266124725342,"z":1.8916559219360352},"rotation":{"x":0.23250673711299897,"y":-0.08158581703901291,"z":0.01957694999873638,"w":0.9689704775810242},"size":7.091263294219971,"orthographic":false}