{"cameraMode":{"drawMode":0,"name":"Shaded","section":"Shading Mode"},"sceneLighting":false,"audioPlay":false,"sceneViewState":{"showFog":true,"showMaterialUpdate":false,"showSkybox":false,"showFlares":true,"showImageEffects":true,"showParticleSystems":true},"in2DMode":false,"pivot":{"x":2.015331268310547,"y":-4.065526962280273,"z":8.885004997253418},"rotation":{"x":0.2528597116470337,"y":-0.6769931316375732,"z":0.26883259415626528,"w":0.6367769241333008},"size":15.789063453674317,"orthographic":false}