{"cameraMode":{"drawMode":0,"name":"Shaded","section":"Shading Mode"},"sceneLighting":false,"audioPlay":false,"sceneViewState":{"showFog":true,"showMaterialUpdate":false,"showSkybox":false,"showFlares":true,"showImageEffects":true,"showParticleSystems":true},"in2DMode":false,"pivot":{"x":0.35259366035461428,"y":2.8401613235473635,"z":-1.902496337890625},"rotation":{"x":0.04590288922190666,"y":0.9443849325180054,"z":-0.2890317738056183,"w":0.1499827653169632},"size":4.800017356872559,"orthographic":false}