{"cameraMode":{"drawMode":0,"name":"Shaded","section":"Shading Mode"},"sceneLighting":false,"audioPlay":false,"sceneViewState":{"showFog":true,"showMaterialUpdate":false,"showSkybox":false,"showFlares":true,"showImageEffects":true,"showParticleSystems":true},"in2DMode":false,"pivot":{"x":2.249716281890869,"y":0.6389847993850708,"z":-7.228615760803223},"rotation":{"x":-0.3014817237854004,"y":0.3467769920825958,"z":-0.11882169544696808,"w":-0.8802246451377869},"size":1.293077826499939,"orthographic":false}