{"cameraMode":{"drawMode":0,"name":"Shaded","section":"Shading Mode"},"sceneLighting":false,"audioPlay":false,"sceneViewState":{"showFog":true,"showMaterialUpdate":false,"showSkybox":false,"showFlares":true,"showImageEffects":true,"showParticleSystems":true},"in2DMode":false,"pivot":{"x":-2.130218505859375,"y":3.10711669921875,"z":-37.6064453125},"rotation":{"x":0.10207212716341019,"y":-0.15394927561283112,"z":0.015996288508176805,"w":0.9826841354370117},"size":4.404836177825928,"orthographic":true}