{"cameraMode":{"drawMode":0,"name":"Shaded","section":"Shading Mode"},"sceneLighting":false,"audioPlay":false,"sceneViewState":{"showFog":true,"showMaterialUpdate":false,"showSkybox":false,"showFlares":true,"showImageEffects":true,"showParticleSystems":true},"in2DMode":false,"pivot":{"x":-12.756448745727539,"y":-28.88646697998047,"z":11.402582168579102},"rotation":{"x":0.49717846512794497,"y":-0.3596164286136627,"z":0.23740820586681367,"w":0.7530903220176697},"size":39.39906311035156,"orthographic":false}