{"cameraMode":{"drawMode":0,"name":"Shaded","section":"Shading Mode"},"sceneLighting":false,"audioPlay":false,"sceneViewState":{"showFog":true,"showMaterialUpdate":false,"showSkybox":false,"showFlares":true,"showImageEffects":true,"showParticleSystems":true},"in2DMode":false,"pivot":{"x":-9.40358829498291,"y":-17.169706344604493,"z":14.454666137695313},"rotation":{"x":0.35381001234054568,"y":-0.22753797471523286,"z":0.08921974152326584,"w":0.9028491973876953},"size":16.214223861694337,"orthographic":false}