{"cameraMode":{"drawMode":0,"name":"Shaded","section":"Shading Mode"},"sceneLighting":false,"audioPlay":false,"sceneViewState":{"showFog":true,"showMaterialUpdate":false,"showSkybox":false,"showFlares":true,"showImageEffects":true,"showParticleSystems":true},"in2DMode":false,"pivot":{"x":4.3213367462158205e-7,"y":0.0,"z":4.172325134277344e-7},"rotation":{"x":0.09082736819982529,"y":-0.8681710958480835,"z":0.17282921075820924,"w":0.4562898278236389},"size":1.8774293661117554,"orthographic":true}