{"cameraMode":{"drawMode":0,"name":"Shaded","section":"Shading Mode"},"sceneLighting":false,"audioPlay":false,"sceneViewState":{"showFog":true,"showMaterialUpdate":false,"showSkybox":false,"showFlares":true,"showImageEffects":true,"showParticleSystems":true},"in2DMode":false,"pivot":{"x":-1.9885358810424805,"y":1.5353641510009766,"z":5.405627250671387},"rotation":{"x":0.2888316512107849,"y":0.36376115679740908,"z":-0.11973933130502701,"w":0.8774510622024536},"size":7.384063243865967,"orthographic":false}