{"cameraMode":{"drawMode":0,"name":"Shaded","section":"Shading Mode"},"sceneLighting":false,"audioPlay":false,"sceneViewState":{"showFog":true,"showMaterialUpdate":false,"showSkybox":false,"showFlares":true,"showImageEffects":true,"showParticleSystems":true},"in2DMode":false,"pivot":{"x":-1.5796051025390626,"y":4.13232421875,"z":1.99609375},"rotation":{"x":0.002906864508986473,"y":0.960864782333374,"z":-0.27682098746299746,"w":0.010089544579386711},"size":4.075900554656982,"orthographic":true}