{"cameraMode":{"drawMode":0,"name":"Shaded","section":"Shading Mode"},"sceneLighting":false,"audioPlay":false,"sceneViewState":{"showFog":true,"showMaterialUpdate":false,"showSkybox":false,"showFlares":true,"showImageEffects":true,"showParticleSystems":true},"in2DMode":false,"pivot":{"x":1.4901161193847657e-7,"y":0.454593300819397,"z":0.03597235679626465},"rotation":{"x":-0.0022594581823796036,"y":0.9819137454032898,"z":0.011784910224378109,"w":0.1890394538640976},"size":1.4491630792617798,"orthographic":true}