{"cameraMode":{"drawMode":0,"name":"Shaded","section":"Shading Mode"},"sceneLighting":false,"audioPlay":false,"sceneViewState":{"showFog":true,"showMaterialUpdate":false,"showSkybox":false,"showFlares":true,"showImageEffects":true,"showParticleSystems":true},"in2DMode":false,"pivot":{"x":4.76837158203125e-7,"y":2.6419548988342287,"z":-0.13580107688903809},"rotation":{"x":-0.006938427686691284,"y":-0.3796214163303375,"z":-0.002847224473953247,"w":0.9251121282577515},"size":5.386222839355469,"orthographic":true}