{"cameraMode":{"drawMode":0,"name":"Shaded","section":"Shading Mode"},"sceneLighting":false,"audioPlay":false,"sceneViewState":{"showFog":true,"showMaterialUpdate":false,"showSkybox":false,"showFlares":true,"showImageEffects":true,"showParticleSystems":true},"in2DMode":false,"pivot":{"x":0.0,"y":3.498060941696167,"z":-0.39536619186401369},"rotation":{"x":-0.04107000678777695,"y":-0.8858915567398071,"z":0.07994863390922547,"w":-0.4551449120044708},"size":5.768815040588379,"orthographic":true}