{"cameraMode":{"drawMode":0,"name":"Shaded","section":"Shading Mode"},"sceneLighting":false,"audioPlay":false,"sceneViewState":{"showFog":true,"showMaterialUpdate":false,"showSkybox":false,"showFlares":true,"showImageEffects":true,"showParticleSystems":true},"in2DMode":false,"pivot":{"x":-0.2920951843261719,"y":1.06256103515625,"z":0.000244140625},"rotation":{"x":-0.0022594581823796036,"y":0.9819137454032898,"z":0.011784910224378109,"w":0.1890394538640976},"size":2.1486008167266847,"orthographic":true}