{"cameraMode":{"drawMode":0,"name":"Shaded","section":"Shading Mode"},"sceneLighting":false,"audioPlay":false,"sceneViewState":{"showFog":true,"showMaterialUpdate":false,"showSkybox":false,"showFlares":true,"showImageEffects":true,"showParticleSystems":true},"in2DMode":false,"pivot":{"x":1.968184471130371,"y":-1.654881477355957,"z":9.381237030029297},"rotation":{"x":0.22062480449676515,"y":0.2805885672569275,"z":-0.06643805652856827,"w":0.9317634701728821},"size":12.010190963745118,"orthographic":false}