{"cameraMode":{"drawMode":0,"name":"Shaded","section":"Shading Mode"},"sceneLighting":false,"audioPlay":false,"sceneViewState":{"showFog":true,"showMaterialUpdate":false,"showSkybox":false,"showFlares":true,"showImageEffects":true,"showParticleSystems":true},"in2DMode":false,"pivot":{"x":-0.0000026226043701171877,"y":0.4166378080844879,"z":-2.384185791015625e-7},"rotation":{"x":0.16113707423210145,"y":-0.0438048429787159,"z":0.007155842613428831,"w":0.9859537482261658},"size":1.5837105512619019,"orthographic":true}