{"cameraMode":{"drawMode":0,"name":"Shaded","section":"Shading Mode"},"sceneLighting":false,"audioPlay":false,"sceneViewState":{"showFog":true,"showMaterialUpdate":false,"showSkybox":false,"showFlares":true,"showImageEffects":true,"showParticleSystems":true},"in2DMode":false,"pivot":{"x":-0.010994762182235718,"y":0.278440922498703,"z":0.049120426177978519},"rotation":{"x":0.16113707423210145,"y":-0.0438048429787159,"z":0.007155842613428831,"w":0.9859537482261658},"size":0.4305141568183899,"orthographic":true}