{"cameraMode":{"drawMode":0,"name":"Shaded","section":"Shading Mode"},"sceneLighting":false,"audioPlay":false,"sceneViewState":{"showFog":true,"showMaterialUpdate":false,"showSkybox":false,"showFlares":true,"showImageEffects":true,"showParticleSystems":true},"in2DMode":false,"pivot":{"x":480.4639892578125,"y":1028.0888671875,"z":-6.15283203125},"rotation":{"x":0.03882220759987831,"y":0.09459850192070008,"z":0.0036331666633486749,"w":-0.9947810769081116},"size":746.772216796875,"orthographic":false}