{"cameraMode":{"drawMode":0,"name":"Shaded","section":"Shading Mode"},"sceneLighting":false,"audioPlay":false,"sceneViewState":{"showFog":true,"showMaterialUpdate":false,"showSkybox":false,"showFlares":true,"showImageEffects":true,"showParticleSystems":true},"in2DMode":false,"pivot":{"x":-1.6703855991363526,"y":5.723850250244141,"z":4.0883941650390629},"rotation":{"x":0.04590288922190666,"y":0.9443849325180054,"z":-0.2890317738056183,"w":0.1499827653169632},"size":1.9384477138519288,"orthographic":false}