{"cameraMode":{"drawMode":0,"name":"Shaded","section":"Shading Mode"},"sceneLighting":false,"audioPlay":false,"sceneViewState":{"showFog":true,"showMaterialUpdate":false,"showSkybox":false,"showFlares":true,"showImageEffects":true,"showParticleSystems":true},"in2DMode":false,"pivot":{"x":-0.022012710571289064,"y":3.2095158100128176,"z":-0.16724050045013429},"rotation":{"x":0.17286646366119386,"y":-0.0540446937084198,"z":0.009496697224676609,"w":0.9834358096122742},"size":3.7393057346343996,"orthographic":true}