{"cameraMode":{"drawMode":0,"name":"Shaded","section":"Shading Mode"},"sceneLighting":false,"audioPlay":false,"sceneViewState":{"showFog":true,"showMaterialUpdate":false,"showSkybox":false,"showFlares":true,"showImageEffects":true,"showParticleSystems":true},"in2DMode":false,"pivot":{"x":4.76837158203125e-7,"y":2.6419548988342287,"z":-0.13580107688903809},"rotation":{"x":0.24414587020874024,"y":-0.16772052645683289,"z":0.04291565343737602,"w":0.9541613459587097},"size":5.386222839355469,"orthographic":false}