{"cameraMode":{"drawMode":0,"name":"Shaded","section":"Shading Mode"},"sceneLighting":false,"audioPlay":false,"sceneViewState":{"showFog":true,"showMaterialUpdate":false,"showSkybox":false,"showFlares":true,"showImageEffects":true,"showParticleSystems":true},"in2DMode":false,"pivot":{"x":1.4901161193847657e-7,"y":0.454593300819397,"z":0.03597235679626465},"rotation":{"x":0.30137237906455996,"y":-0.4845653772354126,"z":0.18243257701396943,"w":0.8007344603538513},"size":1.4491630792617798,"orthographic":false}