{"cameraMode":{"drawMode":0,"name":"Shaded","section":"Shading Mode"},"sceneLighting":false,"audioPlay":false,"sceneViewState":{"showFog":true,"showMaterialUpdate":false,"showSkybox":false,"showFlares":true,"showImageEffects":true,"showParticleSystems":true},"in2DMode":false,"pivot":{"x":0.0,"y":4.843639850616455,"z":-0.13580083847045899},"rotation":{"x":0.2354859709739685,"y":-0.16953419148921967,"z":0.04175775125622749,"w":0.9560666084289551},"size":5.247478008270264,"orthographic":false}