{"cameraMode":{"drawMode":0,"name":"Shaded","section":"Shading Mode"},"sceneLighting":false,"audioPlay":false,"sceneViewState":{"showFog":true,"showMaterialUpdate":false,"showSkybox":false,"showFlares":true,"showImageEffects":true,"showParticleSystems":true},"in2DMode":false,"pivot":{"x":2.384185791015625e-7,"y":5.219644546508789,"z":-2.384185791015625e-7},"rotation":{"x":-0.34944626688957217,"y":-0.24433691799640656,"z":0.09485558420419693,"w":-0.8995816111564636},"size":6.806471347808838,"orthographic":false}