{"cameraMode":{"drawMode":0,"name":"Shaded","section":"Shading Mode"},"sceneLighting":false,"audioPlay":false,"sceneViewState":{"showFog":true,"showMaterialUpdate":false,"showSkybox":false,"showFlares":true,"showImageEffects":true,"showParticleSystems":true},"in2DMode":false,"pivot":{"x":-0.23694562911987306,"y":1.6165580749511719,"z":0.7840774059295654},"rotation":{"x":-0.17099979519844056,"y":-0.43598273396492007,"z":0.08470074832439423,"w":-0.8795241713523865},"size":4.14479923248291,"orthographic":false}