{"cameraMode":{"drawMode":0,"name":"Shaded","section":"Shading Mode"},"sceneLighting":false,"audioPlay":false,"sceneViewState":{"showFog":true,"showMaterialUpdate":false,"showSkybox":false,"showFlares":true,"showImageEffects":true,"showParticleSystems":true},"in2DMode":false,"pivot":{"x":4.76837158203125e-7,"y":2.6419548988342287,"z":-0.13580107688903809},"rotation":{"x":0.2261638045310974,"y":-0.3726356327533722,"z":0.09415806084871292,"w":0.8950584530830383},"size":5.386222839355469,"orthographic":false}