{"cameraMode":{"drawMode":0,"name":"Shaded","section":"Shading Mode"},"sceneLighting":true,"audioPlay":false,"sceneViewState":{"showFog":true,"showMaterialUpdate":false,"showSkybox":true,"showFlares":true,"showImageEffects":true,"showParticleSystems":true},"in2DMode":false,"pivot":{"x":0.2836545407772064,"y":0.26956331729888918,"z":0.2780301570892334},"rotation":{"x":-0.2276112586259842,"y":0.10521753132343292,"z":-0.024790113791823388,"w":-0.9677637815475464},"size":1.7151905298233033,"orthographic":false}