{"cameraMode":{"drawMode":0,"name":"Shaded","section":"Shading Mode"},"sceneLighting":false,"audioPlay":false,"sceneViewState":{"showFog":true,"showMaterialUpdate":false,"showSkybox":false,"showFlares":true,"showImageEffects":true,"showParticleSystems":true},"in2DMode":false,"pivot":{"x":1.239575743675232,"y":0.28599604964256289,"z":0.005164444446563721},"rotation":{"x":0.031493090093135837,"y":-0.010495109483599663,"z":0.0003309217863716185,"w":0.9994514584541321},"size":1.078366994857788,"orthographic":false}