{"cameraMode":{"drawMode":0,"name":"Shaded","section":"Shading Mode"},"sceneLighting":false,"audioPlay":false,"sceneViewState":{"showFog":true,"showMaterialUpdate":false,"showSkybox":false,"showFlares":true,"showImageEffects":true,"showParticleSystems":true},"in2DMode":false,"pivot":{"x":-0.004357755184173584,"y":0.29548442363739016,"z":0.006895005702972412},"rotation":{"x":0.16113707423210145,"y":-0.0438048429787159,"z":0.007155842613428831,"w":0.9859537482261658},"size":0.3800385296344757,"orthographic":true}