{"cameraMode":{"drawMode":0,"name":"Shaded","section":"Shading Mode"},"sceneLighting":false,"audioPlay":false,"sceneViewState":{"showFog":true,"showMaterialUpdate":false,"showSkybox":false,"showFlares":true,"showImageEffects":true,"showParticleSystems":true},"in2DMode":false,"pivot":{"x":0.000007376222129096277,"y":-0.000002291009877808392,"z":0.000012350808901828714},"rotation":{"x":0.10769008845090866,"y":-0.564674437046051,"z":0.0746270939707756,"w":0.8148476481437683},"size":0.8210981488227844,"orthographic":true}