{"cameraMode":{"drawMode":0,"name":"Shaded","section":"Shading Mode"},"sceneLighting":false,"audioPlay":false,"sceneViewState":{"showFog":true,"showMaterialUpdate":false,"showSkybox":false,"showFlares":true,"showImageEffects":true,"showParticleSystems":true},"in2DMode":false,"pivot":{"x":2.384185791015625e-7,"y":1.3209774494171143,"z":-0.06790053844451904},"rotation":{"x":-0.0029016679618507625,"y":-0.2536964416503906,"z":-0.000760838040150702,"w":0.967281699180603},"size":2.6931114196777345,"orthographic":false}