{"cameraMode":{"drawMode":0,"name":"Shaded","section":"Shading Mode"},"sceneLighting":false,"audioPlay":false,"sceneViewState":{"showFog":true,"showMaterialUpdate":false,"showSkybox":false,"showFlares":true,"showImageEffects":true,"showParticleSystems":true},"in2DMode":false,"pivot":{"x":0.4914216101169586,"y":1.6795077323913575,"z":-0.30851733684539797},"rotation":{"x":0.17056120932102204,"y":-0.11059730499982834,"z":0.019269702956080438,"w":0.9789324402809143},"size":1.7862224578857422,"orthographic":false}