{"cameraMode":{"drawMode":0,"name":"Shaded","section":"Shading Mode"},"sceneLighting":false,"audioPlay":false,"sceneViewState":{"showFog":true,"showMaterialUpdate":false,"showSkybox":false,"showFlares":true,"showImageEffects":true,"showParticleSystems":true},"in2DMode":false,"pivot":{"x":-0.9266681671142578,"y":8.755717277526856,"z":-1.7162164449691773},"rotation":{"x":0.03941582888364792,"y":-0.7373464703559876,"z":0.04318343847990036,"w":0.6729876399040222},"size":6.7210283279418949,"orthographic":false}