{"cameraMode":{"drawMode":0,"name":"Shaded","section":"Shading Mode"},"sceneLighting":true,"audioPlay":false,"sceneViewState":{"showFog":true,"showMaterialUpdate":false,"showSkybox":true,"showFlares":true,"showImageEffects":true,"showParticleSystems":true},"in2DMode":false,"pivot":{"x":16.446914672851564,"y":-35.425838470458987,"z":-32.521217346191409},"rotation":{"x":0.40855586528778078,"y":-0.5133640766143799,"z":0.30355578660964968,"w":0.6909438371658325},"size":56.40925598144531,"orthographic":false}