{"cameraMode":{"drawMode":0,"name":"Shaded","section":"Shading Mode"},"sceneLighting":false,"audioPlay":false,"sceneViewState":{"showFog":true,"showMaterialUpdate":false,"showSkybox":false,"showFlares":true,"showImageEffects":true,"showParticleSystems":true},"in2DMode":false,"pivot":{"x":-0.0038652122020721437,"y":0.6818900108337402,"z":0.05395841598510742},"rotation":{"x":0.19102135300636292,"y":-0.5441359877586365,"z":0.12884198129177094,"w":0.8067390322685242},"size":2.191023826599121,"orthographic":false}