{"cameraMode":{"drawMode":0,"name":"Shaded","section":"Shading Mode"},"sceneLighting":false,"audioPlay":false,"sceneViewState":{"showFog":true,"showMaterialUpdate":false,"showSkybox":false,"showFlares":true,"showImageEffects":true,"showParticleSystems":true},"in2DMode":false,"pivot":{"x":2.384185791015625e-7,"y":1.3209774494171143,"z":-0.06790053844451904},"rotation":{"x":0.14023566246032716,"y":-0.5009199976921082,"z":0.08263842761516571,"w":0.8500531315803528},"size":2.6931114196777345,"orthographic":false}