{"cameraMode":{"drawMode":0,"name":"Shaded","section":"Shading Mode"},"sceneLighting":false,"audioPlay":false,"sceneViewState":{"showFog":true,"showMaterialUpdate":false,"showSkybox":false,"showFlares":true,"showImageEffects":true,"showParticleSystems":true},"in2DMode":false,"pivot":{"x":1.1920928955078126e-7,"y":1.5785367488861085,"z":1.1920928955078126e-7},"rotation":{"x":-0.24780479073524476,"y":-0.33139875531196597,"z":0.09059549868106842,"w":-0.9058800935745239},"size":2.9447994232177736,"orthographic":false}