{"cameraMode":{"drawMode":0,"name":"Shaded","section":"Shading Mode"},"sceneLighting":false,"audioPlay":false,"sceneViewState":{"showFog":true,"showMaterialUpdate":false,"showSkybox":false,"showFlares":true,"showImageEffects":true,"showParticleSystems":true},"in2DMode":false,"pivot":{"x":-4.295543193817139,"y":-15.55354118347168,"z":17.946002960205079},"rotation":{"x":0.3439987301826477,"y":-0.11590661108493805,"z":0.04288448765873909,"w":0.9308294653892517},"size":12.77590560913086,"orthographic":false}