{"cameraMode":{"drawMode":0,"name":"Shaded","section":"Shading Mode"},"sceneLighting":false,"audioPlay":false,"sceneViewState":{"showFog":true,"showMaterialUpdate":false,"showSkybox":false,"showFlares":true,"showImageEffects":true,"showParticleSystems":true},"in2DMode":false,"pivot":{"x":-0.000003337860107421875,"y":4.713428497314453,"z":-0.00000286102294921875},"rotation":{"x":-0.34944626688957217,"y":-0.24433691799640656,"z":0.09485558420419693,"w":-0.8995816111564636},"size":7.384063243865967,"orthographic":false}