{"cameraMode":{"drawMode":0,"name":"Shaded","section":"Shading Mode"},"sceneLighting":false,"audioPlay":false,"sceneViewState":{"showFog":true,"showMaterialUpdate":false,"showSkybox":false,"showFlares":true,"showImageEffects":true,"showParticleSystems":true},"in2DMode":false,"pivot":{"x":1.1207165718078614,"y":2.515270948410034,"z":1.3510749340057374},"rotation":{"x":-0.15096817910671235,"y":-0.4072621762752533,"z":0.06838908046483994,"w":-0.8981801271438599},"size":4.14479923248291,"orthographic":false}