{"cameraMode":{"drawMode":0,"name":"Shaded","section":"Shading Mode"},"sceneLighting":false,"audioPlay":false,"sceneViewState":{"showFog":true,"showMaterialUpdate":false,"showSkybox":false,"showFlares":true,"showImageEffects":true,"showParticleSystems":true},"in2DMode":false,"pivot":{"x":0.0017242431640625,"y":0.9425201416015625,"z":-0.0216064453125},"rotation":{"x":-0.03145000338554382,"y":-0.05334644392132759,"z":-0.0016813126858323813,"w":0.9980812668800354},"size":1.2939643859863282,"orthographic":true}