{"cameraMode":{"drawMode":0,"name":"Shaded","section":"Shading Mode"},"sceneLighting":false,"audioPlay":false,"sceneViewState":{"showFog":true,"showMaterialUpdate":false,"showSkybox":false,"showFlares":true,"showImageEffects":true,"showParticleSystems":true},"in2DMode":false,"pivot":{"x":0.005572319030761719,"y":3.9962964057922365,"z":0.010729551315307618},"rotation":{"x":0.2354859709739685,"y":-0.16953419148921967,"z":0.04175775125622749,"w":0.9560666084289551},"size":7.459257125854492,"orthographic":false}