{"cameraMode":{"drawMode":0,"name":"Shaded","section":"Shading Mode"},"sceneLighting":false,"audioPlay":false,"sceneViewState":{"showFog":true,"showMaterialUpdate":false,"showSkybox":false,"showFlares":true,"showImageEffects":true,"showParticleSystems":true},"in2DMode":false,"pivot":{"x":-0.1738433539867401,"y":0.5500689744949341,"z":0.06496548652648926},"rotation":{"x":0.11370228230953217,"y":0.029800409451127054,"z":-0.003411844139918685,"w":0.993064284324646},"size":1.236396074295044,"orthographic":false}