{"cameraMode":{"drawMode":0,"name":"Shaded","section":"Shading Mode"},"sceneLighting":false,"audioPlay":false,"sceneViewState":{"showFog":true,"showMaterialUpdate":false,"showSkybox":false,"showFlares":true,"showImageEffects":true,"showParticleSystems":true},"in2DMode":false,"pivot":{"x":0.15480279922485352,"y":2.8675308227539064,"z":2.384185791015625e-7},"rotation":{"x":0.16113707423210145,"y":-0.0438048429787159,"z":0.007155842613428831,"w":0.9859537482261658},"size":3.5706961154937746,"orthographic":true}