{"cameraMode":{"drawMode":0,"name":"Shaded","section":"Shading Mode"},"sceneLighting":false,"audioPlay":false,"sceneViewState":{"showFog":true,"showMaterialUpdate":false,"showSkybox":false,"showFlares":true,"showImageEffects":true,"showParticleSystems":true},"in2DMode":false,"pivot":{"x":-0.11493821442127228,"y":0.43089064955711367,"z":0.08822464942932129},"rotation":{"x":0.03148459643125534,"y":0.02548416703939438,"z":-0.000802799069788307,"w":0.9991813898086548},"size":3.9363956451416017,"orthographic":false}