{"cameraMode":{"drawMode":0,"name":"Shaded","section":"Shading Mode"},"sceneLighting":false,"audioPlay":false,"sceneViewState":{"showFog":true,"showMaterialUpdate":false,"showSkybox":false,"showFlares":true,"showImageEffects":true,"showParticleSystems":true},"in2DMode":false,"pivot":{"x":-3.492112874984741,"y":2.451838493347168,"z":-2.7838687896728517},"rotation":{"x":0.23792748153209687,"y":-0.3740045726299286,"z":0.09989413619041443,"w":0.8908056020736694},"size":5.555655479431152,"orthographic":false}