{"cameraMode":{"drawMode":0,"name":"Shaded","section":"Shading Mode"},"sceneLighting":false,"audioPlay":false,"sceneViewState":{"showFog":true,"showMaterialUpdate":false,"showSkybox":false,"showFlares":true,"showImageEffects":true,"showParticleSystems":true},"in2DMode":false,"pivot":{"x":0.4318222999572754,"y":1.323979377746582,"z":-0.6485733985900879},"rotation":{"x":-0.26246190071105959,"y":-0.3967455327510834,"z":0.11942479014396668,"w":-0.8714948296546936},"size":2.9447994232177736,"orthographic":false}