{"cameraMode":{"drawMode":0,"name":"Shaded","section":"Shading Mode"},"sceneLighting":false,"audioPlay":false,"sceneViewState":{"showFog":true,"showMaterialUpdate":false,"showSkybox":false,"showFlares":true,"showImageEffects":true,"showParticleSystems":true},"in2DMode":false,"pivot":{"x":986.8400268554688,"y":309.99169921875,"z":148.1871337890625},"rotation":{"x":0.03882220759987831,"y":0.09459850192070008,"z":0.0036331666633486749,"w":-0.9947810769081116},"size":573.4431762695313,"orthographic":false}