{"cameraMode":{"drawMode":0,"name":"Shaded","section":"Shading Mode"},"sceneLighting":false,"audioPlay":false,"sceneViewState":{"showFog":true,"showMaterialUpdate":false,"showSkybox":false,"showFlares":true,"showImageEffects":true,"showParticleSystems":true},"in2DMode":false,"pivot":{"x":4.164330959320068,"y":5.000003337860107,"z":-6.471381664276123},"rotation":{"x":-0.1256837248802185,"y":0.8470675349235535,"z":-0.23033402860164643,"w":-0.4622047245502472},"size":5.400017738342285,"orthographic":false}