{"cameraMode":{"drawMode":0,"name":"Shaded","section":"Shading Mode"},"sceneLighting":false,"audioPlay":false,"sceneViewState":{"showFog":true,"showMaterialUpdate":false,"showSkybox":false,"showFlares":true,"showImageEffects":true,"showParticleSystems":true},"in2DMode":false,"pivot":{"x":-0.0030559301376342775,"y":3.4082422256469728,"z":-0.0022945404052734377},"rotation":{"x":0.16113707423210145,"y":-0.0438048429787159,"z":0.007155842613428831,"w":0.9859537482261658},"size":4.1338605880737309,"orthographic":true}