{"cameraMode":{"drawMode":0,"name":"Shaded","section":"Shading Mode"},"sceneLighting":false,"audioPlay":false,"sceneViewState":{"showFog":true,"showMaterialUpdate":false,"showSkybox":false,"showFlares":true,"showImageEffects":true,"showParticleSystems":true},"in2DMode":false,"pivot":{"x":3.6062264442443849,"y":3.2349467277526857,"z":2.2493391036987306},"rotation":{"x":0.2354859709739685,"y":-0.16953419148921967,"z":0.04175775125622749,"w":0.9560666084289551},"size":5.635330677032471,"orthographic":false}