{"cameraMode":{"drawMode":0,"name":"Shaded","section":"Shading Mode"},"sceneLighting":false,"audioPlay":false,"sceneViewState":{"showFog":true,"showMaterialUpdate":false,"showSkybox":false,"showFlares":true,"showImageEffects":true,"showParticleSystems":true},"in2DMode":false,"pivot":{"x":2.1500000953674318,"y":0.25,"z":2.1399998664855959},"rotation":{"x":0.04590288922190666,"y":0.9443849325180054,"z":-0.2890317738056183,"w":0.1499827653169632},"size":6.69076681137085,"orthographic":false}