{"cameraMode":{"drawMode":0,"name":"Shaded","section":"Shading Mode"},"sceneLighting":false,"audioPlay":false,"sceneViewState":{"showFog":true,"showMaterialUpdate":false,"showSkybox":false,"showFlares":true,"showImageEffects":true,"showParticleSystems":true},"in2DMode":false,"pivot":{"x":0.00008103458094410598,"y":1.1491807699203492,"z":1.3379509449005128},"rotation":{"x":-0.20020556449890138,"y":0.7388241291046143,"z":-0.24935653805732728,"w":-0.5931937098503113},"size":2.08520770072937,"orthographic":true}