{"cameraMode":{"drawMode":0,"name":"Shaded","section":"Shading Mode"},"sceneLighting":false,"audioPlay":false,"sceneViewState":{"showFog":true,"showMaterialUpdate":false,"showSkybox":false,"showFlares":true,"showImageEffects":true,"showParticleSystems":true},"in2DMode":false,"pivot":{"x":0.016158342361450197,"y":2.028402805328369,"z":0.0029914379119873049},"rotation":{"x":0.04658340662717819,"y":0.814957320690155,"z":-0.0661562904715538,"w":0.5738452672958374},"size":4.702993869781494,"orthographic":true}