{"cameraMode":{"drawMode":0,"name":"Shaded","section":"Shading Mode"},"sceneLighting":false,"audioPlay":false,"sceneViewState":{"showFog":true,"showMaterialUpdate":false,"showSkybox":false,"showFlares":true,"showImageEffects":true,"showParticleSystems":true},"in2DMode":false,"pivot":{"x":0.07254862785339356,"y":2.610497236251831,"z":-0.09580707550048828},"rotation":{"x":0.17286646366119386,"y":-0.0540446937084198,"z":0.009496697224676609,"w":0.9834358096122742},"size":3.186772346496582,"orthographic":true}